held_out,launch_day,comp,days,failures_seen,exposure_seen,exposure_remaining,actual_remaining,full_year_rate,rate_platform_only,rate_fleet_average,rate_hierarchical,pred_platform_only,pred_fleet_average,pred_hierarchical,hier_rate_p10,hier_rate_p90,pred_p10,pred_p90,covered
model1,30,comp1,15,1,1.2598702100485075,22.14038510528469,26,1.1538335644700441,0.7937325543728017,1.2250131806007476,0.9235669965535065,17.573544424415147,27.122263577550214,20.44812897422577,0.2233843570276356,1.8468198529370519,4.0,42.0,True
model1,30,comp2,15,1,1.8043498607784456,31.973766258734933,42,1.2730135643994427,0.5542162425022013,1.2250131806007476,0.7267652692836399,17.72038059455974,39.168285100397746,23.237422845041653,0.16939705382971063,1.4377380454737243,5.0,47.0,True
model1,30,comp3,15,3,0.8126422397733645,8.275561937888678,58,6.711997090682921,3.6916614140518487,1.2250131806007476,2.4935769477298986,30.550572685699777,10.137672450791497,20.635750477830175,1.038620333871918,4.277788241709409,8.0,37.0,False
model1,30,comp4,15,1,1.9493495974661408,15.93466762732517,36,2.068886399231913,0.5129916159214584,1.2250131806007476,0.68800597809012,8.174350895312891,19.520177871965377,10.963146586478825,0.16327592092940893,1.357773976722279,2.0,23.0,False
model1,30,comp1,30,2,2.297434568679164,21.102820746654032,25,1.1538335644700441,0.8705362177734774,1.2250131806007476,0.9359996762696607,18.370769757143872,25.8512335625061,19.752233387244853,0.32742908316265623,1.6859059210963245,6.0,37.0,True
model1,30,comp2,30,2,3.4899399480307656,30.28817617148261,41,1.2730135643994427,0.5730757634177976,1.2250131806007476,0.6744291721533676,17.357419682005144,37.10341502642369,20.427229581368373,0.2373792575044013,1.2194326424667117,6.0,38.0,False
model1,30,comp3,30,4,1.5979238792225285,7.490280298439514,57,6.711997090682921,2.5032481534390763,1.2250131806007476,2.064266853120521,18.750030325809806,9.175692091982507,15.46193734065037,0.9720328352581382,3.351296016333635,6.0,27.0,False
model1,30,comp4,30,2,3.2518304906997457,14.632186734091565,35,2.068886399231913,0.6150382087012259,1.2250131806007476,0.7141657774849398,8.999353918317517,17.924621610273572,10.449807015257324,0.2501385599479509,1.2794047126498616,3.0,20.0,False
model1,30,comp1,60,2,4.97735050647017,18.422904808863027,25,1.1538335644700441,0.4018202048258717,1.2250131806007476,0.5008450315163534,7.402695383784879,22.568301215810106,9.227020339617782,0.17291594811645566,0.8939603882216686,2.0,18.0,False
model1,30,comp2,60,4,6.6226334751137905,27.155482644399587,39,1.2730135643994427,0.6039893367239793,1.2250131806007476,0.6594699757118836,16.401621950810437,33.265824164964336,17.908225479946672,0.3143994797510158,1.0595499292646808,7.0,30.0,False
model1,30,comp3,60,10,2.951637058116189,6.1365671195458535,51,6.711997090682921,3.387950416363948,1.2250131806007476,2.9151063088311524,20.790385127710685,7.517375605084834,17.88874552475393,1.8331672941958692,4.154762633136477,10.0,28.0,False
model1,30,comp4,60,7,5.2366002385323815,12.647416986258929,30,2.068886399231913,1.3367451554716792,1.2250131806007476,1.3080728455255257,16.906373385611847,15.493252508720971,16.543742725763586,0.7575790997957965,1.935277982999523,8.0,26.0,False
model1,30,comp1,90,6,7.253348317134089,16.146906998199107,21,1.1538335644700441,0.8272041735299834,1.2250131806007476,0.8560928916058084,13.356788858510798,19.780173898728357,13.823252302578336,0.4710689464800896,1.2840760347787603,6.0,23.0,True
model1,30,comp2,90,8,10.046453519252806,23.73166260026057,35,1.2730135643994427,0.7963009020714596,1.2250131806007476,0.8200218304022657,18.897544336243012,29.07159948288901,19.460481403954667,0.49297495106781436,1.1891029750658835,10.0,30.0,False
model1,30,comp3,90,17,3.7532228314184946,5.3349813462435485,44,6.711997090682921,4.529440633711325,1.2250131806007476,3.938405432279038,24.164481289767476,6.535422467407468,21.011319515152927,2.7556145712732008,5.2298113435284375,13.0,30.0,False
model1,30,comp4,90,11,6.414869862651808,11.469147362139502,26,2.068886399231913,1.7147658854380516,1.2250131806007476,1.6484467733586472,19.666902631658637,14.049856688873186,18.9062789622937,1.0670302500542037,2.298538788337443,11.0,28.0,True
model1,30,comp1,180,17,12.27607716344414,11.124178151889057,10,1.1538335644700441,1.3848071964407993,1.2250131806007476,1.36794495252244,15.404841959225477,13.627264859414959,15.21726335383704,0.9740070986478176,1.798496868221425,9.0,22.0,True
model1,30,comp2,180,20,19.556521045727823,14.221595073785554,23,1.2730135643994427,1.0226767814804698,1.2250131806007476,1.0262262526974828,14.544095077577515,17.421641414553967,14.59457421995193,0.7541703302646972,1.3201988534841447,9.0,21.0,False
model1,30,comp3,180,35,5.7999524120000565,3.288251765661986,26,6.711997090682921,6.034532270917477,1.2250131806007476,5.4390525257425395,19.84306139478863,4.028151754069614,17.88497407130119,4.258697848342052,6.695461205019357,11.0,25.0,False
model1,30,comp4,180,18,10.192498341938773,7.691518882852538,19,2.068886399231913,1.7660047022952097,1.2250131806007476,1.7180268502509124,13.58325851490998,9.422212010333897,13.214235959952562,1.2344715320086452,2.245737537951558,7.0,19.0,True
model1,60,comp1,15,0,1.2564966366159476,19.846324110038086,25,1.1846757502294516,0.0,1.2250131806007476,0.42587579663366315,0.0,24.312008621271058,8.452069090612346,0.02010962605913134,1.0181791280678896,0.0,21.0,False
model1,60,comp2,15,0,1.6362143245695109,28.6519618469131,41,1.3536635473813359,0.0,1.2250131806007476,0.3600437961825477,0.0,35.09903091253829,10.315961111440114,0.017429067427340846,0.8721255299689314,0.0,26.0,False
model1,60,comp3,15,5,0.7517616411578356,6.738518657281679,52,7.609862078442522,6.651044328757163,1.2250131806007476,3.957533883943241,44.81818629973764,8.254774172894109,26.667915913775957,1.914364886682736,6.446085894992753,12.0,45.0,False
model1,60,comp4,15,0,1.0070998505007396,13.625086883590825,35,2.391986969278722,0.0,1.2250131806007476,0.48472329856195434,0.0,16.690911019229123,6.604397057407364,0.02419506262518514,1.1686585507448695,0.0,17.0,False
model1,60,comp1,30,0,2.6799159377910056,18.422904808863027,25,1.1846757502294516,0.0,1.2250131806007476,0.25366904864388756,0.0,22.568301215810106,4.673320736121186,0.011603283460158645,0.6109989787049968,0.0,12.0,False
model1,60,comp2,30,2,3.132693527083025,27.155482644399587,39,1.3536635473813359,0.6384282352261503,1.2250131806007476,0.7358777633974245,17.336826861378384,33.265824164964336,19.983115832338346,0.26079673877116233,1.3316535130794938,6.0,37.0,False
model1,60,comp3,30,6,1.3537131788936605,6.1365671195458535,51,7.609862078442522,4.432253518358724,1.2250131806007476,3.259099923236342,27.19882120625157,7.517375605084834,19.99968542824655,1.7251209116588007,5.0530027566577855,9.0,33.0,False
model1,60,comp4,30,5,1.9847697478326358,12.647416986258929,30,2.391986969278722,2.519183903049706,1.2250131806007476,2.1333395925181833,31.861169286940918,15.493252508720971,26.98123539987317,1.0996061038522567,3.3726294728221804,13.0,44.0,True
model1,60,comp1,60,4,4.955913748454925,16.146906998199107,21,1.1846757502294516,0.8071165486378885,1.2250131806007476,0.8504375076656443,13.032435847563432,19.780173898728357,13.731935344057398,0.40557665658168757,1.3726386784330784,5.0,24.0,True
model1,60,comp2,60,6,6.5565135712220375,23.731662600260574,35,1.3536635473813359,0.9151205034235426,1.2250131806007476,0.9371835990671984,21.717331025828113,29.071599482889013,22.240924967560634,0.5149541698449513,1.4194448302733111,11.0,35.0,True
model1,60,comp3,60,13,2.155298952195966,5.3349813462435485,44,7.609862078442522,6.0316458590371935,1.2250131806007476,4.742999839873347,32.17871814511057,6.535422467407468,25.303815670960443,3.0967558896328997,6.606566108504978,15.0,37.0,False
model1,60,comp4,60,9,3.1630393719520624,11.469147362139502,26,2.391986969278722,2.8453645186356535,1.2250131806007476,2.5042573943948496,32.63390496323544,14.049856688873186,28.72169708904203,1.5255630330124546,3.5785623269487394,16.0,43.0,True
model1,60,comp1,90,11,6.804201725829864,14.29861902082417,14,1.1846757502294516,1.616648130557652,1.2250131806007476,1.5639389283420821,23.11583570957148,17.515996764898162,22.362166908199463,1.0164091406443119,2.1738008424303676,13.0,33.0,True
model1,60,comp2,90,9,10.007604240158996,20.280571931323614,32,1.3536635473813359,0.8993161384104666,1.2250131806007476,0.9154120154850156,18.238645634033652,24.843967925992988,18.565079226841785,0.5732109556727636,1.3035229418631222,10.0,28.0,False
model1,60,comp3,90,18,2.938617176770613,4.551663121668901,39,7.609862078442522,6.125330016542359,1.2250131806007476,5.076538766164575,27.88043874434742,5.575847317698749,23.10669428767384,3.5541632515284083,6.7861739648322414,14.0,33.0,False
model1,60,comp4,90,10,4.387751418611752,10.244435315479812,25,2.391986969278722,2.279071680675091,1.2250131806007476,2.1020042018585534,23.34780241201783,12.549568289274548,21.53384607880672,1.3263408187198267,2.9659811136080103,12.0,32.0,True
model1,60,comp1,180,17,11.920919511757237,9.181901234896795,8,1.1846757502294516,1.4260644896757688,1.2250131806007476,1.4061182321049148,13.09398329879641,11.247950035722855,12.910838731775016,0.9914299089893992,1.840063836695975,7.0,19.0,True
model1,60,comp2,180,22,18.751487742047946,11.536688429434665,19,1.3536635473813359,1.173240241128583,1.2250131806007476,1.1706534003249933,13.535307114775259,14.132595386541603,13.505463538407698,0.8687898229246525,1.4893830928168141,8.0,20.0,True
model1,60,comp3,180,36,4.72965903560135,2.760621262838164,21,7.609862078442522,7.611542339314275,1.2250131806007476,6.678053385800255,21.012585624903927,3.381797433623432,18.435576171208577,5.198039144132091,8.255563255579721,12.0,26.0,True
model1,60,comp4,180,20,8.589668499002645,6.04251823508892,15,2.391986969278722,2.3283785634244465,1.2250131806007476,2.2241838658845676,14.069269927682361,7.402164482004294,13.439671567798069,1.6297796288580777,2.876220299862875,8.0,20.0,True
model1,90,comp1,15,3,1.1662764141145596,17.256628394748464,22,1.3570064145352811,2.572289007728591,1.2250131806007476,2.016561018384747,44.38903553026856,21.13959723629599,34.7990441296011,0.8384325608600559,3.414942801218755,13.0,60.0,True
model1,90,comp2,15,1,1.598153515393036,25.557329129006543,38,1.4361740688134363,0.6257221164101177,1.2250131806007476,0.7902788532788735,15.991786072391923,31.30806504398444,20.19741675694204,0.18908534911464353,1.5749964878697975,4.0,41.0,True
model1,90,comp3,15,4,0.48070703113728896,5.655860088408564,47,8.310835521957811,8.321076541228306,1.2250131806007476,4.076225213783868,47.06284470212595,6.9285031559342,23.054559498004842,1.7512360981466764,6.926466308675244,9.0,41.0,False
model1,90,comp4,15,3,0.6775925823094039,11.969824403949529,27,2.3720258478544802,4.427439258226904,1.2250131806007476,2.7456289554217794,52.9956704801286,14.66319266431466,32.864696474798066,1.1050200329943127,4.729581245426675,12.0,58.0,True
model1,90,comp1,30,4,2.275997810663919,16.146906998199103,21,1.3570064145352811,1.757470934839424,1.2250131806007476,1.5989358991415357,28.377719736890214,19.780173898728354,25.817869259520236,0.7613038081776016,2.5972992681635994,11.0,43.0,True
model1,90,comp2,30,4,3.4238200441390125,23.731662600260567,35,1.4361740688134363,1.168285700893453,1.2250131806007476,1.1601698035136538,27.725362074312365,29.071599482889006,27.53275833599663,0.558308497019551,1.8636779396707106,12.0,45.0,True
model1,90,comp3,30,7,0.8015857733023052,5.334981346243548,44,8.310835521957811,8.732689916840705,1.2250131806007476,5.131710721629721,46.58873780887428,6.535422467407466,27.377580974212577,2.731373683074602,7.91950678190811,13.0,44.0,True
model1,90,comp4,30,4,1.1782696241194266,11.469147362139505,26,2.3720258478544802,3.3948087246918366,1.2250131806007476,2.524011029880115,38.935561529767554,14.04985668887319,28.948254445360536,1.1804736009767918,4.146906597436436,12.0,49.0,True
model1,90,comp1,60,11,4.124285788038858,14.298619020824166,14,1.3570064145352811,2.667128459405481,1.2250131806007476,2.4185942097720234,38.13625372063667,17.51599676489816,34.58255717150145,1.5669452290594013,3.3633184512369176,20.0,50.0,False
model1,90,comp2,60,7,6.87491071307597,20.28057193132361,32,1.4361740688134363,1.0181950416732122,1.2250131806007476,1.0285424966198256,20.64957778277062,24.84396792599298,20.859430087121545,0.5985768676108375,1.5127214741690782,11.0,32.0,True
model1,90,comp3,60,12,1.5849039978769528,4.5516631216689,39,8.310835521957811,7.5714365135519355,1.2250131806007476,5.492425455296858,34.4626283567917,5.575847317698747,24.99967039339023,3.4366198417050398,7.770235853048319,14.0,37.0,False
model1,90,comp4,60,5,2.4029816707791163,10.244435315479816,25,2.3720258478544802,2.080748289011649,1.2250131806007476,1.849328273343065,21.31609125457514,12.549568289274552,18.945323873351004,0.948885300569419,2.8859938710908364,8.0,31.0,True
model1,90,comp1,90,14,5.557943205630841,12.864961603232182,11,1.3570064145352811,2.5189174271907593,1.2250131806007476,2.3430829991058744,32.40577598252151,15.759747531881947,30.14367281668318,1.5946388190843925,3.1579723387485723,18.0,43.0,False
model1,90,comp2,90,9,9.97751255714797,17.17797008725161,30,1.4361740688134363,0.9020284312799314,1.2250131806007476,0.9179662269118423,15.495017410377155,21.043239772848594,15.768796386998849,0.5671448006434358,1.3021162383929759,8.0,24.0,False
model1,90,comp3,90,17,2.269738910684143,3.8668282088617096,34,8.310835521957811,7.489848246411686,1.2250131806007476,5.877349142852343,28.96195647931812,4.736915522974375,22.72669945891063,4.005474576207649,7.899806470827351,13.0,33.0,False
model1,90,comp4,90,9,3.5642570451069644,9.083159941151967,21,2.3720258478544802,2.5250704104955783,1.2250131806007476,2.2718334127168465,22.93561840120159,11.126990649415871,20.635426247360225,1.3921820413406434,3.242065609621986,11.0,32.0,True
model1,90,comp1,180,18,10.962851283711094,7.460053525151929,7,1.3570064145352811,1.6419086179473121,1.2250131806007476,1.6055329939650238,12.248726173295179,9.138663896298183,11.977362071376508,1.1547804656165965,2.0869881835531907,7.0,18.0,True
model1,90,comp2,180,26,18.118786095717525,9.036696548682055,13,1.4361740688134363,1.434974719754832,1.2250131806007476,1.421017741327428,12.96743109745449,11.070072381224803,12.84130611866954,1.0820999992019584,1.777395794116341,7.0,19.0,True
model1,90,comp3,180,37,3.987918097741038,2.1486490218048147,14,8.310835521957811,9.278024044916746,1.2250131806007476,7.92984600945714,19.935217288391918,2.6321233721958013,17.0384558712829,6.1513701100632,9.763548135327667,11.0,24.0,True
model1,90,comp4,180,17,8.091100640718059,4.556316345540873,13,2.3720258478544802,2.10107385322194,1.2250131806007476,2.011805428098437,9.573157140623671,5.5815475782742,9.166421956092762,1.4250688484072314,2.639172876498534,5.0,14.0,True
model2,30,comp1,15,3,2.4867002379325887,26.02738890791352,26,1.0170410792948188,1.2064180290963267,1.3269683159951455,1.2078249953521698,31.399911228808623,34.53752042888473,31.436530886729763,0.5073565013079137,2.0351162110385266,12.0,54.0,True
model2,30,comp2,15,0,2.090992714426445,35.63832248811556,34,0.9011560325831001,0.0,1.3269683159951455,0.2867820472251796,0.0,47.29092477694663,10.220431082812937,0.01031420644211814,0.7186514471392662,0.0,26.0,False
model2,30,comp3,15,1,0.7720311804732728,12.010279023409291,52,4.146355326590456,1.295284472042926,1.3269683159951455,1.2708363851866724,15.556727923924932,15.937259730325248,15.263099579192781,0.2869165427711812,2.5309174883931953,3.0,31.0,False
model2,30,comp4,15,1,1.9678064050378885,19.66937053263182,29,1.3865025038350016,0.5081800716980316,1.3269683159951455,0.6829376645514278,9.995582127527989,26.100631492370987,13.432953974752248,0.15782287495050076,1.3676999964508705,2.0,28.0,False
model2,30,comp1,30,4,4.593254383847494,23.920834761998613,25,1.0170410792948188,0.8708422538203598,1.3269683159951455,0.9129780780478978,20.831273657403283,31.742189821327436,21.839197746310834,0.4343606194413682,1.4794892522456098,9.0,37.0,True
model2,30,comp2,30,2,4.304753792271637,33.42456141027037,32,0.9011560325831001,0.46460264547315533,1.3269683159951455,0.5634267340774296,15.529139654991553,44.3533339674628,18.83229147335912,0.1929668979360146,1.0161291761195046,6.0,35.0,True
model2,30,comp3,30,3,1.430132291198906,11.352177912683658,50,4.146355326590456,2.0977080361461145,1.3269683159951455,1.8297386500798298,23.813554835196932,15.063980407671119,20.771518689419857,0.7599350284541493,3.092065540798665,8.0,37.0,False
model2,30,comp4,30,5,3.3622575827959746,18.27491935487373,25,1.3865025038350016,1.487096058786227,1.3269683159951455,1.4415083834653657,27.176560547268863,24.250238961283888,26.343449457203956,0.7452131359404855,2.2538073703824697,12.0,43.0,True
model2,30,comp1,60,8,7.529178506994334,20.984910638851773,21,1.0170410792948188,1.0625329167808002,1.3269683159951455,1.0737628405007706,22.29715830948362,27.84631153174575,22.53281725522832,0.6392345350809581,1.5530988195724955,12.0,34.0,True
model2,30,comp2,60,5,8.872950928541462,28.856364274000548,29,0.9011560325831001,0.5635103856955401,1.3269683159951455,0.6083414182131568,16.260860961813055,38.29148110641299,17.554521566920965,0.3142649593303777,0.9476088722531087,8.0,29.0,True
model2,30,comp3,60,8,2.6625436901798776,10.119766513702686,45,4.146355326590456,3.0046455310784146,1.3269683159951455,2.6520947978288882,30.40631123095376,13.428609528952117,26.83858012623388,1.5784619072275876,3.862783646549717,14.0,41.0,False
model2,30,comp4,60,5,5.447734817887321,16.189442119782385,25,1.3865025038350016,0.9178126629040001,1.3269683159951455,0.9488776773656459,14.85887498288765,21.48287674658851,15.361800236464667,0.49296149567661485,1.4777900712604084,7.0,25.0,True
model2,30,comp1,90,11,9.859864246308883,18.654224899537226,18,1.0170410792948188,1.1156340214438485,1.3269683159951455,1.120890052069596,20.811287941588684,24.753565401133624,20.909335118960232,0.729653750260837,1.5552773086982346,12.0,31.0,True
model2,30,comp2,90,11,12.576125959460933,25.15318924308108,23,0.9011560325831001,0.8746731732378027,1.3269683159951455,0.8911165737709449,22.000819852296694,33.37748517179851,22.4144238177066,0.5810724494761764,1.2351760174152628,13.0,33.0,True
model2,30,comp3,90,13,3.8109628093413006,8.971347394541262,40,4.146355326590456,3.411211457675433,1.3269683159951455,3.085610097913025,30.603163023045795,11.904693744341854,27.682080112482225,2.0503905597004466,4.197850389178054,17.0,40.0,True
model2,30,comp4,90,10,7.515807393925403,14.121369543744304,20,1.3865025038350016,1.3305290404438022,1.3269683159951455,1.3197785158556323,18.78889226879044,18.738609963007516,18.637080138291786,0.832268655871191,1.8524957830901543,10.0,28.0,True
model2,30,comp1,180,19,17.824731530730336,10.689357615115771,10,1.0170410792948188,1.0659347080343662,1.3269683159951455,1.0706678618567131,11.394157288543358,14.18443887360006,11.444751662397778,0.7758995655871098,1.3913786553105614,6.0,17.0,True
model2,30,comp2,180,17,21.406487809319255,16.322827393222756,17,0.9011560325831001,0.7941517614393099,1.3269683159951455,0.8064900768422002,12.962802125997671,21.659874778264232,13.16419831864219,0.57416815024447,1.061850298363879,7.0,20.0,True
model2,30,comp3,180,27,7.2568617015482575,5.525448502334306,26,4.146355326590456,3.720616584747581,1.3269683159951455,3.5070697554492973,20.558075335953703,7.332095094260453,19.37813332782926,2.670596104416697,4.394762854113353,12.0,27.0,True
model2,30,comp4,180,16,14.041669534796755,7.595507402872952,14,1.3865025038350016,1.139465642625351,1.3269683159951455,1.142056945845535,8.654819723880241,10.078997667518983,8.674501986672235,0.8005561115268456,1.5070678450289305,4.0,13.0,False
model2,60,comp1,15,0,1.6391733348233033,22.28166142717532,25,1.0451140292025165,0.0,1.3269683159951455,0.3419859957988268,0.0,29.567058741592824,7.620016171224861,0.012206724779679582,0.8487281712602276,0.0,19.0,False
model2,60,comp2,15,1,2.3065862295910557,31.117975180679323,31,0.9573798024517188,0.43354112981819637,1.3269683159951455,0.604813749269468,13.490922117486306,41.29256712268478,18.820579238700912,0.1361520987830862,1.2150191164366229,4.0,39.0,True
model2,60,comp3,15,3,0.66268747841472,10.689490434268938,47,4.404441190455232,4.52702080198738,1.3269683159951455,2.961189384014161,48.391545558580596,14.18461512040807,31.653605594478105,1.198488011517303,5.193532059937066,12.0,57.0,True
model2,60,comp4,15,0,0.926621115035889,17.348298239837845,25,1.3679950928665934,0.0,1.3269683159951455,0.4937785600610482,0.0,23.020642100699174,8.566217724376749,0.020074692197087823,1.2229346429157117,0.0,22.0,False
model2,60,comp1,30,4,2.9359241231468394,20.984910638851783,21,1.0451140292025165,1.362433030357965,1.3269683159951455,1.3347363823713976,28.590535393481936,27.846311531745766,28.009323710488083,0.6286127307412623,2.1687386257997168,12.0,47.0,True
model2,60,comp2,30,3,4.568197136269829,28.856364274000548,29,0.9573798024517188,0.6567142158076077,1.3269683159951455,0.7262315832084176,18.950384635258935,38.29148110641299,20.956403112346237,0.31123290961858036,1.2336919672060032,8.0,37.0,True
model2,60,comp3,30,5,1.2324113989809713,10.119766513702686,45,4.404441190455232,4.057086784603167,1.3269683159951455,3.1022368286818938,41.056770986012836,13.428609528952117,31.393912376470244,1.5559453592938624,4.9709950483688905,15.0,52.0,True
model2,60,comp4,30,0,2.085477235091346,16.189442119782388,25,1.3679950928665934,0.0,1.3269683159951455,0.28734664479898847,0.0,21.482876746588516,4.651981874286893,0.01015860329522384,0.7211686352708484,0.0,12.0,False
model2,60,comp1,60,7,5.26660986246139,18.654224899537233,18,1.0451140292025165,1.3291282595078149,1.3269683159951455,1.3149393649567862,24.793857473189266,24.753565401133635,24.52917464315856,0.7542956237877368,1.9408379589885576,13.0,38.0,True
model2,60,comp2,60,9,8.271372167189297,25.15318924308108,23,0.9573798024517188,1.0880903214222435,1.3269683159951455,1.0964269990531712,27.36894176829861,33.37748517179851,27.578635798407895,0.6735413480233704,1.5498406980756818,15.0,41.0,True
model2,60,comp3,60,10,2.3808305181423948,8.971347394541263,40,4.404441190455232,4.20021497699985,1.3269683159951455,3.5606958730098484,37.6815876904208,11.904693744341857,31.94423964308073,2.2214527602161347,5.055985255195427,18.0,48.0,True
model2,60,comp4,60,5,4.15354981112943,14.121369543744304,20,1.3679950928665934,1.2037895841774926,1.3269683159951455,1.2040364146887146,16.999157571080666,18.738609963007516,17.002643155944302,0.6231831554043052,1.8780407430410082,7.0,28.0,True
model2,60,comp1,90,11,8.005369395563203,15.91546536643542,14,1.0451140292025165,1.3740777541254379,1.3269683159951455,1.3605070404967772,21.86908690657277,21.11931827557787,21.65310268381801,0.8796615302491356,1.8835373848130197,12.0,32.0,True
model2,60,comp2,90,12,10.984150130549555,22.440411279720824,20,0.9573798024517188,1.0924832469855927,1.3269683159951455,1.0985447133052282,24.515773378561526,29.77771476608961,24.65179517573232,0.7293563433351145,1.4970632806855353,14.0,36.0,True
model2,60,comp3,90,14,3.5314506216977706,7.820727290985888,36,4.404441190455232,3.9643765408984817,1.3269683159951455,3.5310072801391725,31.004307805148986,10.37785732317682,27.615045000454277,2.3918831454696816,4.8077741500779565,17.0,40.0,True
model2,60,comp4,90,7,6.1607442390246865,12.114175115849047,18,1.3679950928665934,1.1362263597406175,1.3269683159951455,1.1426020848513465,13.764445093141536,16.075126553148507,13.841681743623424,0.6611106399272493,1.6930649642336788,7.0,22.0,True
model2,60,comp1,180,19,15.0157374787594,8.905097283239224,6,1.0451140292025165,1.2653391168350248,1.3269683159951455,1.2623104924726634,11.267967931703897,11.816781945712899,11.240997737122681,0.915103283968256,1.6357643687777546,6.0,17.0,True
model2,60,comp2,180,19,19.914216540957455,13.510344869312924,13,0.9573798024517188,0.9540922667443537,1.3269683159951455,0.9620350508847206,12.890115560860716,17.927799579745827,12.997425313819583,0.6941322745764696,1.2528747845397732,7.0,19.0,True
model2,60,comp3,180,28,7.0426938059058735,4.309484106777784,22,4.404441190455232,3.9757514342764293,1.3269683159951455,3.7342209740542183,17.133437618513252,5.71854886797876,16.09256593888291,2.8671404543826857,4.672245842017307,10.0,23.0,True
model2,60,comp4,180,15,12.532887826254981,5.742031528618753,10,1.3679950928665934,1.1968510536395849,1.3269683159951455,1.1968191800615244,6.872356485059071,7.619493907922258,6.872173465968918,0.8328571385994302,1.5999984940712044,3.0,11.0,True
model2,90,comp1,15,3,1.0225795845877883,19.96233105426399,18,1.0007190576794873,2.933756985975159,1.3269683159951455,2.2909371252452564,58.56462818679585,26.489380822414287,45.73244531864966,0.9398032206927149,3.9196857470854543,18.0,79.0,True
model2,90,comp2,15,1,2.0010185838677375,26.855345690132808,28,1.0049776099523693,0.4997454836561866,1.3269683159951455,0.6743841842421993,13.420837720669507,35.63619284590302,18.110820395782476,0.1521463567857032,1.3407737949289493,3.0,37.0,True
model2,90,comp3,15,3,0.6045038394116103,9.515262674291076,42,4.446742910428584,4.962747636011757,1.3269683159951455,3.1105977183714795,47.22184734286895,12.626452087155494,29.598154364355125,1.2493993833497004,5.437884909631353,11.0,53.0,True
model2,90,comp4,15,1,1.0928226754358963,15.096619444346489,24,1.5442162747196655,0.915061539696848,1.3269683159951455,1.0297324662508263,13.814335832961072,20.03273568128403,15.545479172477089,0.23453924972470938,2.043240681106014,3.0,32.0,True
model2,90,comp1,30,3,2.330685739314551,18.65422489953723,18,1.0007190576794873,1.2871748212962821,1.3269683159951455,1.2713279471121415,24.01124860148249,24.75356540113363,23.71563744649686,0.5378437832356076,2.164892844124396,9.0,41.0,True
model2,90,comp2,30,6,3.703175030919468,25.153189243081076,23,1.0049776099523693,1.6202312744883272,1.3269683159951455,1.557752311743983,40.753983864763335,33.377485171798504,39.18243869114343,0.8565766037912719,2.380262357918101,20.0,62.0,True
model2,90,comp3,30,5,1.1484191191614233,8.971347394541263,40,4.446742910428584,4.35381117971199,1.3269683159951455,3.2524287629009567,39.059552583433785,11.904693744341857,29.178668307982562,1.6093625080139082,5.183063934134439,13.0,48.0,True
model2,90,comp4,30,5,2.0680725760380843,14.1213695437443,20,1.5442162747196655,2.417710121942995,1.3269683159951455,2.1322329077418396,34.141378081608124,18.738609963007512,30.110048843554964,1.0860906039642815,3.373543991188601,14.0,49.0,True
model2,90,comp1,60,7,5.069445272416362,15.915465366435416,14,1.0007190576794873,1.3808216922841805,1.3269683159951455,1.3602027962511427,21.976419820771618,21.119318275577868,21.64826049506367,0.7855940058250317,2.010642102313572,11.0,34.0,True
model2,90,comp2,60,9,6.415952994279729,22.440411279720816,20,1.0049776099523693,1.4027534191762518,1.3269683159951455,1.3836720267808638,31.478363650349703,29.777714766089602,31.05016935720746,0.8490991841771336,1.9835066312635075,17.0,46.0,True
model2,90,comp3,60,9,2.2990392227167993,7.820727290985887,36,4.446742910428584,3.9146787540947665,1.3269683159951455,3.3210998972716963,30.615634967591568,10.37785732317682,25.97341660268318,2.0220693732502504,4.798047562893203,14.0,39.0,True
model2,90,comp4,60,7,4.075267003933341,12.114175115849044,18,1.5442162747196655,1.7176788645366754,1.3269683159951455,1.6461673657494846,20.808262557790034,16.075126553148504,19.941959738685178,0.9540662753482656,2.4340836136814836,10.0,31.0,True
model2,90,comp1,90,8,7.633488341792493,13.351422297059287,13,1.0007190576794873,1.0480136527098491,1.3269683159951455,1.0602717816409193,13.992472850412828,17.7169143616688,14.156136306343345,0.6414957716694235,1.5366786746821006,7.0,22.0,True
model2,90,comp2,90,11,9.595061531601813,19.261302742398733,18,1.0049776099523693,1.1464230806411144,1.3269683159951455,1.1498000432217472,22.0816020271019,25.559138463953527,22.146646725717222,0.7427973968940774,1.5960676014610105,13.0,33.0,True
model2,90,comp3,90,16,3.4977059136842032,6.622060600018482,29,4.446742910428584,4.574426894325967,1.3269683159951455,4.0410242926778865,30.292132104580894,8.787264602824328,26.75990775225979,2.815650811950739,5.359832372425371,16.0,38.0,True
model2,90,comp4,90,9,6.347365277197355,9.84207684258503,16,1.5442162747196655,1.4179111500534127,1.3269683159951455,1.3972101511090804,13.955190494783801,13.060124133699876,13.751449672455411,0.863106818406535,1.9849228267010977,7.0,22.0,True
model2,90,comp1,180,15,14.16140200461831,6.82350863423347,6,1.0007190576794873,1.0592171590855346,1.3269683159951455,1.0654565875967439,7.227577430548392,9.054579761547123,7.270152224867311,0.7348219184369219,1.417381298111444,3.0,12.0,True
model2,90,comp2,180,16,18.0759854389,10.780378835100546,13,1.0049776099523693,0.8851522952418172,1.3269683159951455,0.8963801413795034,9.542277069465555,14.30522114860308,9.663317504332033,0.6276600321215379,1.1860458800536717,5.0,15.0,True
model2,90,comp3,180,30,6.919457790952542,3.200308722750144,15,4.446742910428584,4.3355998267994575,1.3269683159951455,4.058434035375864,13.875257944060317,4.246708276492334,12.988241844119443,3.142502068665142,5.047046142444365,8.0,19.0,True
model2,90,comp4,180,18,11.606736400211668,4.582705719570717,7,1.5442162747196655,1.5508235372409889,1.3269683159951455,1.5313015321335304,7.10696789415917,6.081105291400076,7.017504289695731,1.0981172423311953,1.9907349841430018,3.0,11.0,True
model3,30,comp1,15,4,2.869748928729699,52.37720460725341,53,1.0317310974056715,1.3938501587909327,1.1777798578052212,1.3056039172804643,73.00597495884534,61.6888165945659,68.38388351143044,0.6620854106338481,2.0431677152475447,33.0,108.0,True
model3,30,comp2,15,1,4.340071408361667,68.64981658304121,73,1.0138390677995848,0.2304109554680092,1.1777798578052212,0.45754799173619,15.817669831602108,80.8543712135288,31.4105857106283,0.14177568727405784,0.8496707358811311,9.0,59.0,False
model3,30,comp3,15,0,4.121289090216857,50.14978862655343,0,0.0,0.0,1.1777798578052212,0.2963707700439141,0.0,59.065410917544,14.862931472791166,0.04585444193618687,0.6283925962630418,2.0,32.0,False
model3,30,comp4,15,2,3.516819324441559,49.65893223268991,54,1.0531115848891048,0.5686956921841821,1.1777798578052212,0.7328666813940603,28.24082083919698,58.48729014377663,36.39337686694399,0.29588192649005113,1.2518017085352824,14.0,63.0,True
model3,30,comp1,30,8,5.078764710837247,50.16818882514586,49,1.0317310974056715,1.5751861831538125,1.1777798578052212,1.473253840395102,79.02423787122126,59.08708230082578,73.91047685231278,0.8983674934513093,2.1087323879296984,43.0,107.0,True
model3,30,comp2,30,2,8.860420454541647,64.12946753686123,72,1.0138390677995848,0.2257229225476367,1.1777798578052212,0.35625615283549456,14.475490833844109,75.53039515668897,22.84651738807092,0.14060017736378622,0.6123958504783674,8.0,40.0,False
model3,30,comp3,30,0,8.009723269847846,46.26135444692244,0,0.0,0.0,1.1777798578052212,0.1777178361212709,0.0,54.48569146237325,8.221467808346189,0.024930063231511822,0.3826767756588993,1.0,18.0,False
model3,30,comp4,30,6,7.050482781511741,46.12526877561972,50,1.0531115848891048,0.8510055532273068,1.1777798578052212,0.8985934011272837,39.25285987215448,54.32541249977701,41.447862146994225,0.512829011399279,1.3261295715058157,22.0,63.0,True
model3,30,comp1,60,13,9.975389787839903,45.27156374814321,44,1.0317310974056715,1.3032072206188,1.1777798578052212,1.278936544390431,58.99822876528453,53.31993591390812,57.89945729920139,0.8723817889021309,1.7202719503393218,37.0,80.0,True
model3,30,comp2,60,7,17.075200986863184,55.9146870045397,67,1.0138390677995848,0.40995125066963806,1.1777798578052212,0.4683540759664313,22.922295868312407,65.85519210943022,26.187871564963416,0.2759557958233414,0.685130843925462,14.0,40.0,False
model3,30,comp3,60,0,15.338211419236004,38.93286629753428,0,0.0,0.0,1.1777798578052212,0.10161455073670678,0.0,45.85434573185962,3.9561457177162187,0.014180468691544445,0.21961006508970018,0.0,9.0,True
model3,30,comp4,60,13,12.658981291520575,40.51677026561089,43,1.0531115848891048,1.0269388745133743,1.1777798578052212,1.0367744619086585,41.608246455483396,47.719835922158005,42.00675269040546,0.7102493365729994,1.3925984661642208,27.0,59.0,True
model3,30,comp1,90,19,14.511490963918089,40.73546257206502,38,1.0317310974056715,1.3093072274408128,1.1777798578052212,1.2909952097748518,53.33523555874945,47.97740731575665,52.589287048498704,0.9438532519261942,1.6631124822413257,36.0,71.0,True
model3,30,comp2,90,17,24.558610175045693,48.43127781635719,57,1.0138390677995848,0.6922215825256232,1.1777798578052212,0.7173098139549534,33.52517577377688,57.041383499874335,34.74023088005184,0.5135079855449683,0.9397411537315916,23.0,48.0,False
model3,30,comp3,90,0,19.915311531150742,34.355766185619544,0,0.0,0.0,1.1777798578052212,0.08021087345396533,0.0,40.46352941288841,2.75570601392875,0.010898934292702554,0.1752962954400351,0.0,7.0,True
model3,30,comp4,90,15,16.589965967443092,36.58578558968837,41,1.0531115848891048,0.904160986793866,1.1777798578052212,0.922209253818951,33.079440001401444,43.09000134951548,33.73975002904665,0.6418890788110401,1.223958009533051,21.0,47.0,True
model3,30,comp1,180,35,30.801090290143826,24.445863245839284,22,1.0317310974056715,1.1363234116163674,1.1777798578052212,1.1353067145631701,27.77840672341926,28.791845337610475,27.753552686294352,0.9036399811523386,1.379270345333819,19.0,37.0,True
model3,30,comp2,180,36,41.941329016697495,31.048558974705387,38,1.0138390677995848,0.8583418991245566,1.1777798578052212,0.8675022991226049,26.650279075429417,36.568367374285536,26.934696295000712,0.6950089553379231,1.0567946172421108,19.0,36.0,False
model3,30,comp3,180,0,31.31597597262731,22.955101744142976,0,0.0,0.0,1.1777798578052212,0.05262652953680301,0.0,27.0360564681211,1.2080473399584586,0.006956683957383618,0.11350409694162793,0.0,3.0,True
model3,30,comp4,180,31,28.78503161626704,24.39071994086442,25,1.0531115848891048,1.076948617366855,1.1777798578052212,1.0789068170623117,26.26755211689612,28.726898663718273,26.315314017256288,0.8464868888534134,1.327037719872101,18.0,35.0,True
model3,60,comp1,15,2,2.365137648908902,47.80305117623696,47,0.9767145505448199,0.845616744937721,1.1777798578052212,0.9538789006008488,40.423060533740795,56.30147081700408,45.59832190135503,0.38342072435340224,1.6168989748023592,17.0,79.0,True
model3,60,comp2,15,2,4.046992127073802,60.08247540978744,70,1.1227287979369986,0.49419419094499456,1.1777798578052212,0.662737101514,29.692410325112434,70.76392934472516,39.81888560486871,0.2647830931326229,1.1372816471489957,15.0,69.0,False
model3,60,comp3,15,0,3.7789589318486474,42.4823955150738,0,0.0,0.0,1.1777798578052212,0.31504263384648634,0.0,50.034909748968786,13.383765775177007,0.047397516358018824,0.6626331034161521,1.0,29.0,False
model3,60,comp4,15,2,3.1808626337626205,42.9444061418571,48,1.084004523490784,0.6287602547722138,1.1777798578052212,0.7857328262597518,27.001735746795493,50.57905655928612,33.74282960988803,0.31647647150800023,1.3393432398407186,13.0,59.0,True
model3,60,comp1,30,5,4.896625077002657,45.27156374814321,44,0.9767145505448199,1.021111463788161,1.1777798578052212,1.0452219925942883,46.22731272684556,53.31993591390812,47.31883406869359,0.5698957559119427,1.585907766188918,24.0,73.0,True
model3,60,comp2,30,5,8.214780532321543,55.9146870045397,67,1.1227287979369986,0.6086589873371787,1.1777798578052212,0.6881912796613621,34.03297676945844,65.85519210943022,38.48000000151871,0.3729137612844179,1.0417471528211153,19.0,60.0,False
model3,60,comp3,30,0,7.328488149388158,38.93286629753429,0,0.0,0.0,1.1777798578052212,0.1910668295460344,0.0,45.854345731859624,7.438779328609532,0.026691585203973665,0.4094371166840504,1.0,17.0,False
model3,60,comp4,30,7,5.608498510008834,40.51677026561089,43,1.084004523490784,1.2481058856497715,1.1777798578052212,1.221980022021243,50.569219436028604,47.719835922158005,49.51068382140083,0.7311168278601062,1.7781023379133603,28.0,74.0,True
model3,60,comp1,60,11,9.432726253080844,40.73546257206502,38,0.9767145505448199,1.1661527860418153,1.1777798578052212,1.1597432863119508,47.50377316911571,47.97740731575665,47.242679232764154,0.7641045798343371,1.589717655097651,29.0,67.0,True
model3,60,comp2,60,15,15.698189720504047,48.431277816357195,57,1.1227287979369986,0.9555241889074565,1.1777798578052212,0.969932720730551,46.2772574532264,57.04138349987434,46.97508106087651,0.6778437699409923,1.284402578163653,31.0,64.0,True
model3,60,comp3,60,0,11.905588261302896,34.35576618561955,0,0.0,0.0,1.1777798578052212,0.1270729110738234,0.0,40.46352941288842,4.365687221378302,0.017793832213602277,0.2734185410344352,0.0,10.0,True
model3,60,comp4,60,9,9.53948318593135,36.58578558968837,41,1.084004523490784,0.9434473361484647,1.1777798578052212,0.9676456673469873,34.51676195549038,43.09000134951548,35.402076912347795,0.6080223341984937,1.3675750759187724,20.0,52.0,True
model3,60,comp1,90,13,15.165898142150432,35.00229068299543,36,0.9767145505448199,0.857186292440487,1.1777798578052212,0.8810915103992987,30.003483777481055,41.22499294347538,30.840221165315743,0.6003423767442485,1.1863159785529152,19.0,44.0,True
model3,60,comp2,90,21,21.530438795771396,42.599028741089846,51,1.1227287979369986,0.9753633076964704,1.1777798578052212,0.9847788406177238,41.5495295775664,50.17227801332133,41.95062213509155,0.7309358651195721,1.2533231208120543,29.0,56.0,True
model3,60,comp3,90,0,15.477657855051055,30.78369659187139,0,0.0,0.0,1.1777798578052212,0.1007947167171654,0.0,36.256417794693355,3.102833977484847,0.014211500977888784,0.22057942404037142,0.0,7.0,True
model3,60,comp4,90,18,13.400697285663822,32.7245714899559,32,1.084004523490784,1.3432136862950073,1.1777798578052212,1.3201326224666134,43.95609230344816,38.54234115617705,43.200774380131655,0.951088515512737,1.7220268208306597,29.0,59.0,True
model3,60,comp1,180,30,30.433226273375425,19.734962551770437,19,0.9767145505448199,0.9857646944992344,1.1777798578052212,0.9920373895536134,19.454029330799816,23.24344138801555,19.577820732796663,0.7732166833788235,1.2280815838605623,12.0,27.0,True
model3,60,comp2,180,43,38.949411930560444,25.180055606300797,29,1.1227287979369986,1.1039961290471085,1.1777798578052212,1.104403615673896,27.798683918547024,29.656562311516517,27.80894445446836,0.9025716075239447,1.3222051618289599,20.0,37.0,True
model3,60,comp3,180,0,27.63122749797087,18.630126948951578,0,0.0,0.0,1.1777798578052212,0.05920537110881416,0.0,21.94218826882941,1.1030035798169977,0.008018294767542875,0.1300449426227325,0.0,3.0,True
model3,60,comp4,180,31,26.007205435608803,20.11806334001092,19,1.084004523490784,1.1919773570733252,1.1777798578052212,1.187684415899936,23.98027596945997,23.694649779914496,23.893910307018785,0.9307934789000881,1.462137667299568,16.0,32.0,True
model3,90,comp1,15,5,2.2655080059411787,43.00605574220203,39,0.9719125286853967,2.2070105190040183,1.1777798578052212,1.7919360258688126,94.91481740391305,50.65166621681412,77.06410061497414,0.9631145352053733,2.7536607157519755,40.0,120.0,False
model3,90,comp2,15,5,3.913099144504678,52.00158786003501,62,1.1982540471801317,1.277759600602428,1.1777798578052212,1.2366465518534915,66.44552813473041,61.24642275543775,64.30758431801868,0.6714962285049108,1.8904940688095206,33.0,100.0,True
model3,90,comp3,15,0,3.032594604371936,35.900271693162345,0,0.0,0.0,1.1777798578052212,0.3654558437308535,0.0,42.28261688994156,13.11996408179152,0.055780426026829415,0.7670614222148151,1.0,28.0,False
model3,90,comp4,15,2,1.927167172410223,38.589603093200665,41,1.0612889358680395,1.0377926879579877,1.1777798578052212,1.0791276986397498,40.0480079213246,45.45005724386981,41.643109577387,0.4449498834828545,1.8487917080552843,16.0,73.0,True
model3,90,comp1,30,6,4.536101176078186,40.735462572065025,38,0.9719125286853967,1.3227218192667096,1.1777798578052212,1.2742850438805307,53.881685161992806,47.97740731575666,51.90859071113759,0.7254312317378165,1.9011497055500501,28.0,80.0,True
model3,90,comp2,30,10,7.483409188182506,48.43127781635718,57,1.1982540471801317,1.3362893500186508,1.1777798578052212,1.3002933576578375,64.71820075379264,57.04138349987432,62.97486884749062,0.843892523682947,1.811902344220063,39.0,90.0,True
model3,90,comp3,30,0,4.577100111914737,34.355766185619544,0,0.0,0.0,1.1777798578052212,0.2747411760086437,0.0,40.46352941288841,9.438943604515108,0.04120699843547303,0.584947183302994,1.0,21.0,False
model3,90,comp4,30,2,3.9309846759225158,36.58578558968837,41,1.0612889358680395,0.5087783761280229,1.1777798578052212,0.6768901353220541,18.61405658168967,43.09000134951548,24.76455735866782,0.2780896213238826,1.170092260679831,9.0,44.0,True
model3,90,comp1,60,8,10.269273065147775,35.00229068299544,36,0.9719125286853967,0.7790230086636497,1.1777798578052212,0.8229077718587297,27.26758979798674,41.224992943475385,28.80365703589535,0.5049786207103432,1.1662775257641602,16.0,43.0,True
model3,90,comp2,60,16,13.315658263449855,42.59902874108983,51,1.1982540471801317,1.2015928678432966,1.1777798578052212,1.1929796699454835,51.18668911234514,50.17227801332131,50.81977524754352,0.8473815155304366,1.5727909905950646,34.0,69.0,True
model3,90,comp3,60,0,8.149169705662892,30.78369659187139,0,0.0,0.0,1.1777798578052212,0.17521359431042124,0.0,36.256417794693355,5.393722126023251,0.025314318239160902,0.3736299199671756,0.0,12.0,True
model3,90,comp4,60,11,7.792198775654987,32.7245714899559,32,1.0612889358680395,1.4116683001423274,1.1777798578052212,1.3645618004150375,46.196240208112116,38.54234115617705,44.65470019014483,0.9002866639033945,1.8866027204554168,27.0,64.0,True
model3,90,comp1,90,14,15.92532173145558,29.346242016687626,30,0.9719125286853967,0.8791031186734081,1.1777798578052212,0.9000432303466583,25.798372878214696,34.56341274953196,26.412886463234365,0.6233892943644587,1.202784659468747,16.0,38.0,True
model3,90,comp2,90,21,18.881711092939714,37.032975911599976,46,1.1982540471801317,1.1121873381407874,1.1777798578052212,1.1125170213139044,41.18760690255428,43.6166931032684,41.19981605156278,0.8239752724248955,1.4220689637808044,28.0,55.0,True
model3,90,comp3,90,0,12.20352517622916,26.729341121305122,0,0.0,0.0,1.1777798578052212,0.12436666625373619,0.0,31.481279585078,3.3242390464156206,0.01728328895466877,0.26916953904155894,0.0,8.0,True
model3,90,comp4,90,16,11.977736510686,28.539033754924887,27,1.0612889358680395,1.3358116523706725,1.1777798578052212,1.311256885191575,38.12277383722861,33.61269911777384,37.422004507860024,0.928511292220398,1.7240630508249717,24.0,52.0,True
model3,90,comp1,180,30,29.696356768894294,15.575206979248915,14,0.9719125286853967,1.0102249320840515,1.1777798578052212,1.0154332206378536,15.73446241280678,18.344165061306676,15.8155825850399,0.7924592575537988,1.2532269385599626,10.0,22.0,True
model3,90,comp2,180,44,36.78446642482738,19.130220579712308,23,1.1982540471801317,1.1961570814114775,1.1777798578052212,1.1928568230095398,22.882748815386456,22.531188474156078,22.81961414418734,0.9697241048924439,1.4288052194580767,16.0,31.0,True
model3,90,comp3,180,0,24.62043718550381,14.312429112030472,0,0.0,0.0,1.1777798578052212,0.06594238232133864,0.0,16.85689072441456,0.9437956724525708,0.008692393182252123,0.14233099540400887,0.0,3.0,True
model3,90,comp4,180,30,24.989400515110084,15.527369750500803,13,1.0612889358680395,1.2005089910764448,1.1777798578052212,1.1955627919325513,18.640746993244626,18.287823336833927,18.563945530277785,0.9291722260579741,1.469486613154741,12.0,26.0,True
model4,30,comp1,15,3,4.259510440094914,46.31340654685289,51,1.0677651837630144,0.7043062911082222,1.15609638567701,0.8121651602292541,32.61882359360121,53.54276191720659,37.614135248887365,0.37613987679275185,1.317733162536998,16.0,62.0,True
model4,30,comp2,15,2,4.938761783279748,73.3939529913094,76,0.9957525438056555,0.404959803238745,1.15609638567701,0.5737442405209809,29.721600762274356,84.85048378380117,42.109357817831395,0.22999150025025214,0.9794348375891064,16.0,73.0,False
model4,30,comp3,15,0,4.064506730330814,46.85433083797498,0,0.0,0.0,1.15609638567701,0.306178047127464,0.0,54.16812253509774,14.345767515435291,0.04799123374555615,0.6459409198939128,2.0,31.0,False
model4,30,comp4,15,2,4.170284629825666,58.27908005537413,32,0.5444410871333947,0.47958357223296,1.15609638567701,0.6501052816333653,27.949689399406978,67.37623381259914,37.88753775273244,0.2645452234845437,1.1159419886960011,14.0,66.0,True
model4,30,comp1,30,6,8.213441892647253,42.35947509430055,48,1.0677651837630144,0.7305098250431714,1.15609638567701,0.7909846081905216,30.94401274005807,48.97163605569618,33.50569281062148,0.4545486616777653,1.1747799334359592,18.0,51.0,True
model4,30,comp2,30,5,9.553811570152899,68.77890320443625,73,0.9957525438056555,0.5233513308573639,1.15609638567701,0.6064042181164807,35.99553052695152,79.51504140547766,41.70781702059527,0.3328950203131673,0.9145452470693134,21.0,65.0,False
model4,30,comp3,30,0,7.26364829185538,43.65518927645041,0,0.0,0.0,1.15609638567701,0.19802706554921976,0.0,50.469606538550075,8.64490902841124,0.02999119351509108,0.425011833344048,1.0,20.0,False
model4,30,comp4,30,3,8.046146008341063,54.403218676858735,31,0.5444410871333947,0.37284931156979256,1.15609638567701,0.4935270404615708,20.28420263084766,62.89536448151238,26.849459505173744,0.23056062544733527,0.7987055776928584,11.0,45.0,True
model4,30,comp1,60,14,13.577167456440662,36.99574953050714,40,1.0677651837630144,1.031142912902555,1.15609638567701,1.0384130781745005,38.14790493590047,42.77065231763124,38.41687014934675,0.7155124031348955,1.38399279091833,24.0,54.0,True
model4,30,comp2,60,14,18.029397801241092,60.30331697334806,64,0.9957525438056555,0.776509573660651,1.15609638567701,0.8031521410937654,46.8261029532976,69.71644679722277,48.4327381422005,0.556826812180293,1.0647098176836134,31.0,66.0,True
model4,30,comp3,60,0,13.761086273092541,37.157751295213245,0,0.0,0.0,1.15609638567701,0.11570997705694153,0.0,42.95794197228127,4.299522549856664,0.016927954844040572,0.2444185926899221,0.0,10.0,True
model4,30,comp4,60,5,14.20352434020986,48.24584034498994,29,0.5444410871333947,0.35202530584927516,1.15609638567701,0.4285184426325266,16.98375670340038,55.77684164679293,20.674232368132607,0.23254620167106724,0.6542138304556034,10.0,33.0,True
model4,30,comp1,90,17,18.407271199244526,32.165645787703276,37,1.0677651837630144,0.9235480814069669,1.15609638567701,0.937739896944449,29.706520454449446,37.186586838130694,30.163009366112522,0.6715259075576878,1.2302164575691894,19.0,42.0,True
model4,30,comp2,90,20,25.61886699048731,52.713847784101844,58,0.9957525438056555,0.7806746491726709,1.15609638567701,0.7996814002219033,41.152364625395286,60.9422888983282,42.15428360707484,0.589407734602821,1.02395541520408,28.0,57.0,False
model4,30,comp3,90,0,19.9359186732586,30.98291889504719,0,0.0,0.0,1.15609638567701,0.08301810588977475,0.0,35.819240552287994,2.5721432416033307,0.011815665531197143,0.1788210625539003,0.0,6.0,True
model4,30,comp4,90,7,19.962034516599733,42.48733016860007,27,0.5444410871333947,0.35066565956386075,1.15609638567701,0.4070998396949976,14.898847656679662,49.11944884498432,17.296585300705523,0.24241798283641525,0.5959790454451788,9.0,27.0,True
model4,30,comp1,180,30,30.638343398564167,19.934573588383635,24,1.0677651837630144,0.9791652117002487,1.15609638567701,0.9851372866752588,19.519240967823848,23.046288475542703,19.638291735888533,0.7703923203751882,1.2166094244658596,13.0,27.0,True
model4,30,comp2,180,44,43.55848484629075,34.774229928298396,34,0.9957525438056555,1.0101361458110232,1.15609638567701,1.0132616205897962,35.12670659331768,40.20236153480708,35.23539257190983,0.8243132077702846,1.210776130825714,25.0,46.0,True
model4,30,comp3,180,0,32.50820313485793,18.41063443344786,0,0.0,0.0,1.15609638567701,0.05272698697099282,0.0,21.284467926529775,0.9707372819001171,0.0075413715057848635,0.115606442963241,0.0,3.0,True
model4,30,comp4,180,18,36.44632356099928,26.003041124200514,16,0.5444410871333947,0.49387697417200005,1.15609638567701,0.5198793606551829,12.842303269690232,30.062021860298866,13.518444394739792,0.37621760165212415,0.6746030421190586,8.0,20.0,True
model4,60,comp1,15,6,2.8941443528803874,39.46533074142017,42,1.1331585175015157,2.0731516014494993,1.15609638567701,1.741170550793055,81.81761362830937,45.625726229703645,68.71587166426865,0.9709509597957414,2.600966306750011,37.0,104.0,True
model4,60,comp2,15,6,4.3687256027276735,64.41017760170858,67,1.0613719701667397,1.373398227678529,1.15609638567701,1.3034710664450406,88.46082376264586,74.46437352614959,83.95680288841355,0.7400024473974413,1.9386529548787452,46.0,126.0,True
model4,60,comp3,15,0,3.2583690817107116,40.39682019473969,0,0.0,0.0,1.15609638567701,0.3556158653462,0.0,46.7026178199826,14.365750170787202,0.05707806837737408,0.7481900265042469,2.0,31.0,False
model4,60,comp4,15,2,3.5316512547499266,50.87156742210881,29,0.5698192267654623,0.5663073321042336,1.15609638567701,0.7313428525460985,28.808941626775084,58.81243523042432,37.20455723197623,0.3007265500761209,1.2427970664161887,14.0,65.0,True
model4,60,comp1,30,8,5.363725563793411,36.99574953050715,40,1.1331585175015157,1.491500619271454,1.15609638567701,1.404038806668832,55.17918333516301,42.770652317631246,51.94346802263226,0.8604009260460664,2.0109490887385477,30.0,76.0,True
model4,60,comp2,30,9,8.475586231088194,60.30331697334807,64,1.0613719701667397,1.0618734509464693,1.15609638567701,1.0682394146003111,64.03449129800791,69.71644679722279,64.41838002206634,0.6744051340187921,1.5088725192452754,39.0,93.0,True
model4,60,comp3,30,0,6.497437981237162,37.15775129521324,0,0.0,0.0,1.15609638567701,0.2162517283892899,0.0,42.957941972281255,8.035427940649239,0.03385845682604882,0.4574689634784048,1.0,18.0,False
model4,60,comp4,30,2,6.1573783318688,48.24584034498994,29,0.5698192267654623,0.3248135638585957,1.15609638567701,0.4839677712781615,15.670903343809002,55.77684164679293,23.349431825206786,0.19348450031173772,0.823397745842053,8.0,41.0,True
model4,60,comp1,60,11,10.193829306597275,32.16564578770328,37,1.1331585175015157,1.0790841860458646,1.15609638567701,1.0820525261631189,34.709439703463396,37.1865868381307,34.80491828025242,0.7152426995187011,1.4889655692332404,21.0,50.0,True
model4,60,comp2,60,15,16.06505542033441,52.71384778410185,58,1.0613719701667397,0.9337035950099299,1.15609638567701,0.9488513635025431,49.21910918282213,60.94228889832821,50.01760634541055,0.6647009954287195,1.259089087680273,33.0,69.0,True
model4,60,comp3,60,0,12.672270381403214,30.982918895047185,0,0.0,0.0,1.15609638567701,0.12435508427474812,0.0,35.81924055228799,3.8528834902712785,0.01859216313536645,0.262913524619793,0.0,9.0,True
model4,60,comp4,60,4,11.915888508258673,42.48733016860006,27,0.5698192267654623,0.33568625597895424,1.15609638567701,0.42682606856548333,14.262412790839026,49.11944884498431,18.134700099707217,0.21627621593150975,0.6723717232154747,8.0,30.0,True
model4,60,comp1,90,13,14.519330181491075,27.840144912809482,35,1.1331585175015157,0.8953581079499188,1.15609638567701,0.9158178057112867,24.926899474184655,32.18589091042323,25.49650042473342,0.6261183186135441,1.2312877840290235,15.0,37.0,True
model4,60,comp2,90,22,22.57335401466087,46.20554918977539,51,1.0613719701667397,0.9746004065550696,1.15609638567701,0.9828945884248783,45.031947025455366,53.41806841652062,45.41518425382975,0.7337474000529838,1.2501431018922557,31.0,61.0,True
model4,60,comp3,90,0,17.52972779575759,26.12546148069281,0,0.0,0.0,1.15609638567701,0.0932835483088828,0.0,30.2035515919729,2.4370757481260643,0.013276343880930604,0.20172552697331253,0.0,6.0,True
model4,60,comp4,90,9,17.55056983168729,36.852648845171444,22,0.5698192267654623,0.5128038625703557,1.15609638567701,0.5624806318525483,18.898180673752876,42.60521413252674,20.728901207872116,0.35481440942534076,0.7904068985890433,11.0,31.0,True
model4,60,comp1,180,29,26.355348140569077,16.00412695373148,19,1.1331585175015157,1.1003459277155205,1.15609638567701,1.100151252014519,17.61007592018063,18.502313327124977,17.606960305546995,0.8547305286398982,1.3587648466164466,11.0,25.0,True
model4,60,comp2,180,42,39.6386505991117,29.140252605324562,31,1.0613719701667397,1.059571891706657,1.15609638567701,1.0610275265360558,30.876192577833585,33.6889407147308,30.918610144463376,0.8609991524399706,1.2656705941134787,22.0,41.0,True
model4,60,comp3,180,0,28.280615058745834,15.374574217704566,0,0.0,0.0,1.15609638567701,0.06009833570377664,0.0,17.77448968441119,0.9239863226382381,0.008621733505102895,0.13034927854761968,0.0,3.0,True
model4,60,comp4,180,17,33.971324846000385,20.43189383085835,14,0.5698192267654623,0.5004220493920918,1.15609638567701,0.5279163261657579,10.224570183799772,23.621238610391735,10.786330327795554,0.3780210156106052,0.6918160454426909,6.0,16.0,True
model4,90,comp1,15,2,2.2688363485740037,34.726913181933135,38,1.0812052872997078,0.881509149506102,1.15609638567701,0.9744383209764462,30.612091703978123,40.14765881535221,33.83923497369774,0.4063047695956943,1.660549458492216,13.0,59.0,True
model4,90,comp2,15,3,3.8236164797265637,56.47970049362149,61,1.061301487417114,0.7845975180582277,1.15609638567701,0.8779509070624559,44.31383282796748,65.29597760479584,49.58640427899083,0.40846337936212573,1.42793363670006,22.0,82.0,True
model4,90,comp3,15,0,3.3482350352147456,33.8095162599985,0,0.0,0.0,1.15609638567701,0.3493086523210064,0.0,39.08705954967237,11.80995656040523,0.05488183037897964,0.7259396434102389,1.0,25.0,False
model4,90,comp4,15,1,2.8742429744930726,45.371597370496865,28,0.6010880895146744,0.3479176982858831,1.15609638567701,0.6127265385257761,15.785581724697094,52.453939732423954,27.80038180420975,0.19338145837166723,1.1277947767632754,8.0,52.0,True
model4,90,comp1,30,3,4.8301037428038605,32.16564578770328,37,1.0812052872997078,0.6211046718136346,1.15609638567701,0.73980819115703,19.978232870645066,37.1865868381307,23.79640822759851,0.3490216973227399,1.1907425590476528,10.0,40.0,True
model4,90,comp2,30,6,7.5894691892462145,52.713847784101844,58,1.061301487417114,0.7905691228711503,1.15609638567701,0.8446924479478805,41.673940405840725,60.9422888983282,44.52698912550494,0.48337038275419664,1.2456361579458914,24.0,67.0,True
model4,90,comp3,30,0,6.1748324001660535,30.98291889504719,0,0.0,0.0,1.15609638567701,0.22498070182814417,0.0,35.819240552287994,6.970558837692186,0.03431104978413495,0.47537678611127165,1.0,15.0,False
model4,90,comp4,30,2,5.758510176389873,42.48733016860007,27,0.6010880895146744,0.34731205446160046,1.15609638567701,0.5100557252541917,14.756361929444827,49.11944884498432,21.670906003259606,0.2065867706135752,0.8705694572840013,8.0,38.0,True
model4,90,comp1,60,5,9.155604617697662,27.84014491280948,35,1.0812052872997078,0.5461135783796371,1.15609638567701,0.628796907150811,15.203881160942036,32.18589091042323,17.505797015804987,0.34251332626384506,0.9532918672811354,8.0,28.0,False
model4,90,comp2,60,13,14.097767783572676,46.20554918977538,51,1.061301487417114,0.9221318012592148,1.15609638567701,0.9403823674269194,42.60760630253883,53.41806841652061,43.450883735341954,0.6423351297141695,1.2614436306698353,28.0,60.0,True
model4,90,comp3,60,0,11.032289814520428,26.125461480692817,0,0.0,0.0,1.15609638567701,0.14013674950321184,0.0,30.203551591972907,3.661137251175659,0.021199083517447405,0.2997085744344997,0.0,9.0,True
model4,90,comp4,60,7,11.393191499818492,36.852648845171444,22,0.6010880895146744,0.6144020312580122,1.15609638567701,0.6746035300915931,22.642342307711573,42.60521413252674,24.860927004178528,0.4010253024195643,0.9753961350822644,13.0,38.0,True
model4,90,comp1,90,10,13.056061793219722,23.939687737287418,30,1.0812052872997078,0.7659277474615817,1.15609638567701,0.8026941659035949,18.3360711035542,27.67658646731422,19.216247680274442,0.5187376760714397,1.1145156457177685,11.0,29.0,False
model4,90,comp2,90,22,19.983315296295327,40.32000167705273,42,1.061301487417114,1.100918424886112,1.15609638567701,1.1006878189192073,44.38903273770628,46.61380820933164,44.37973470473395,0.818509528233762,1.4040357859000663,30.0,59.0,True
model4,90,comp3,90,0,15.273858376190812,21.883892919022433,0,0.0,0.0,1.15609638567701,0.10552305905236653,0.0,25.299889508224545,2.30925532478967,0.015424317751331431,0.22631696039413876,0.0,6.0,True
model4,90,comp4,90,9,16.421424136869426,31.82441620812051,20,0.6010880895146744,0.5480645238188067,1.15609638567701,0.5976350759904309,17.44183351491508,36.792092554488974,19.0193873988912,0.3772405314286579,0.8403995586171901,10.0,29.0,True
model4,90,comp1,180,27,24.486187526333225,12.509562004173915,13,1.0812052872997078,1.1026624692375382,1.15609638567701,1.102321834369274,13.793824528602496,14.462259419427916,13.789563335597162,0.8472849520069867,1.3724247061803314,8.0,20.0,True
model4,90,comp2,180,41,37.163511803097435,23.139805170250625,23,1.061301487417114,1.1032326604985379,1.15609638567701,1.1029352983888328,25.52858882139342,26.751845122596933,25.52170792010983,0.8918582568672541,1.322003677159254,18.0,34.0,True
model4,90,comp3,180,0,25.310358701776327,11.847392593436918,0,0.0,0.0,1.15609638567701,0.0666459692475143,0.0,13.696727756968999,0.7895809624454255,0.009711022538446608,0.1442590200753971,0.0,2.0,True
model4,90,comp4,180,20,32.54133465276291,15.704505692227023,9,0.6010880895146744,0.6146029415637968,1.15609638567701,0.6377534283852884,9.65203539424812,18.15592226962769,10.015602346314061,0.4694575694827844,0.8171195519329165,5.0,15.0,True
